id,city,season,condition,temp_c,humidity_pct,wind_kmh,label
1,paris,spring,windy,-3.0,42,18.4,paris_spring_windy
2,toronto,spring,cloudy,0.1,69,42.5,toronto_spring_cloudy
3,dubai,spring,cloudy,41.3,82,16.0,dubai_spring_cloudy
4,oslo,spring,drizzle,-2.0,67,65.8,oslo_spring_drizzle
5,sydney,spring,rainy,12.7,42,68.0,sydney_spring_rainy
6,tokyo,spring,cloudy,41.8,87,54.2,tokyo_spring_cloudy
7,delhi,spring,hazy,4.0,25,21.6,delhi_spring_hazy
8,london,spring,windy,-2.8,88,6.5,london_spring_windy
9,dubai,spring,stormy,21.3,26,28.6,dubai_spring_stormy
10,sydney,spring,rainy,29.9,76,47.6,sydney_spring_rainy
11,toronto,spring,clear,24.6,24,8.8,toronto_spring_clear
12,toronto,spring,hazy,26.0,73,6.5,toronto_spring_hazy
13,paris,spring,cloudy,-6.4,99,0.5,paris_spring_cloudy
14,tokyo,spring,rainy,16.4,45,72.0,tokyo_spring_rainy
15,london,spring,stormy,11.6,89,32.3,london_spring_stormy
16,toronto,spring,snowy,41.5,80,73.8,toronto_spring_snowy
17,toronto,spring,drizzle,31.7,39,48.6,toronto_spring_drizzle
18,paris,spring,cloudy,-9.2,38,23.7,paris_spring_cloudy
19,toronto,spring,windy,-6.3,46,70.4,toronto_spring_windy
20,tokyo,spring,hazy,32.9,52,9.4,tokyo_spring_hazy
21,tokyo,spring,rainy,25.7,84,23.0,tokyo_spring_rainy
22,oslo,spring,sunny,5.2,68,31.9,oslo_spring_sunny
23,paris,spring,windy,9.8,67,42.7,paris_spring_windy
24,toronto,spring,sunny,40.4,71,61.7,toronto_spring_sunny
25,sydney,spring,foggy,36.2,48,52.3,sydney_spring_foggy
26,chicago,spring,cloudy,37.5,60,17.5,chicago_spring_cloudy
27,sydney,spring,windy,2.8,30,70.6,sydney_spring_windy
28,paris,spring,foggy,-10.8,57,72.6,paris_spring_foggy
29,tokyo,spring,hazy,17.0,52,34.5,tokyo_spring_hazy
30,chicago,spring,windy,43.1,98,12.8,chicago_spring_windy
31,paris,spring,drizzle,36.8,99,53.3,paris_spring_drizzle
32,cape_town,spring,stormy,7.8,45,27.6,cape_town_spring_stormy
33,tokyo,spring,foggy,42.9,44,71.3,tokyo_spring_foggy
34,toronto,spring,foggy,24.4,49,32.7,toronto_spring_foggy
35,tokyo,spring,windy,-14.8,84,42.5,tokyo_spring_windy
36,london,spring,clear,3.6,41,40.9,london_spring_clear
37,cape_town,spring,stormy,0.8,73,37.4,cape_town_spring_stormy
38,dubai,spring,drizzle,31.1,97,61.5,dubai_spring_drizzle
39,sydney,spring,sunny,45.0,59,6.0,sydney_spring_sunny
40,london,spring,sunny,10.0,67,77.7,london_spring_sunny
41,oslo,spring,drizzle,2.7,32,79.3,oslo_spring_drizzle
42,paris,spring,windy,32.4,53,36.9,paris_spring_windy
43,toronto,spring,rainy,39.1,69,33.5,toronto_spring_rainy
44,toronto,spring,snowy,0.0,55,37.1,toronto_spring_snowy
45,paris,spring,rainy,34.6,81,45.8,paris_spring_rainy
46,cape_town,spring,rainy,43.8,88,19.2,cape_town_spring_rainy
47,cape_town,spring,clear,-14.1,62,63.7,cape_town_spring_clear
48,delhi,spring,snowy,24.3,20,45.6,delhi_spring_snowy
49,dubai,spring,foggy,23.0,94,25.5,dubai_spring_foggy
50,chicago,spring,rainy,-6.8,26,31.8,chicago_spring_rainy
51,london,spring,snowy,15.7,91,60.4,london_spring_snowy
52,toronto,spring,hazy,-11.5,73,18.4,toronto_spring_hazy
53,sydney,spring,cloudy,14.1,54,22.0,sydney_spring_cloudy
54,tokyo,spring,cloudy,18.6,45,62.0,tokyo_spring_cloudy
55,toronto,spring,snowy,24.2,88,6.5,toronto_spring_snowy
56,delhi,spring,rainy,34.5,39,43.6,delhi_spring_rainy
57,london,spring,clear,23.8,41,28.3,london_spring_clear
58,sydney,spring,drizzle,21.5,98,12.9,sydney_spring_drizzle
59,london,spring,snowy,33.6,75,15.0,london_spring_snowy
60,toronto,spring,cloudy,-6.2,86,58.5,toronto_spring_cloudy
61,london,spring,stormy,7.6,32,62.6,london_spring_stormy
62,sydney,spring,drizzle,11.6,97,69.9,sydney_spring_drizzle
63,delhi,spring,rainy,37.5,41,61.9,delhi_spring_rainy
64,tokyo,spring,foggy,3.8,25,46.7,tokyo_spring_foggy
65,london,spring,foggy,41.9,36,75.5,london_spring_foggy
66,chicago,spring,clear,2.7,35,39.4,chicago_spring_clear
67,delhi,spring,sunny,6.2,97,54.7,delhi_spring_sunny
68,tokyo,spring,snowy,33.3,24,30.1,tokyo_spring_snowy
69,chicago,spring,drizzle,-1.4,39,55.5,chicago_spring_drizzle
70,london,spring,foggy,29.3,73,41.0,london_spring_foggy
71,sydney,spring,rainy,16.4,26,17.0,sydney_spring_rainy
72,chicago,spring,rainy,35.6,32,34.8,chicago_spring_rainy
73,oslo,spring,sunny,35.3,36,72.0,oslo_spring_sunny
74,toronto,spring,foggy,-11.3,52,14.7,toronto_spring_foggy
75,paris,spring,rainy,-14.8,24,40.2,paris_spring_rainy
76,cape_town,spring,cloudy,-5.1,49,27.3,cape_town_spring_cloudy
77,toronto,spring,hazy,40.0,31,29.6,toronto_spring_hazy
78,toronto,spring,stormy,29.0,82,16.7,toronto_spring_stormy
79,delhi,spring,windy,21.7,42,10.8,delhi_spring_windy
80,sydney,spring,rainy,35.5,52,13.4,sydney_spring_rainy
81,dubai,spring,clear,40.0,89,6.2,dubai_spring_clear
82,sydney,spring,clear,-1.4,73,31.6,sydney_spring_clear
83,dubai,spring,cloudy,-0.5,61,61.4,dubai_spring_cloudy
84,tokyo,spring,hazy,-3.7,23,75.5,tokyo_spring_hazy
85,paris,spring,sunny,3.9,26,53.0,paris_spring_sunny
86,toronto,spring,foggy,39.0,52,0.8,toronto_spring_foggy
87,dubai,spring,foggy,-3.2,66,9.1,dubai_spring_foggy
88,tokyo,spring,windy,-6.5,59,42.5,tokyo_spring_windy
89,sydney,spring,hazy,-11.7,23,28.4,sydney_spring_hazy
90,toronto,spring,drizzle,-10.3,68,1.4,toronto_spring_drizzle
91,tokyo,spring,windy,-0.3,39,62.4,tokyo_spring_windy
92,london,spring,sunny,-4.4,48,27.5,london_spring_sunny
93,chicago,spring,cloudy,23.7,75,9.1,chicago_spring_cloudy
94,paris,spring,cloudy,26.5,67,39.8,paris_spring_cloudy
95,dubai,spring,windy,31.1,53,26.2,dubai_spring_windy
96,tokyo,spring,cloudy,1.4,51,5.2,tokyo_spring_cloudy
97,london,spring,stormy,1.0,99,8.2,london_spring_stormy
98,chicago,spring,drizzle,22.5,47,35.4,chicago_spring_drizzle
99,cape_town,spring,clear,-14.0,53,6.2,cape_town_spring_clear
100,paris,spring,cloudy,29.3,56,39.5,paris_spring_cloudy
101,cape_town,spring,windy,32.6,61,40.8,cape_town_spring_windy
102,sydney,spring,drizzle,26.6,33,73.3,sydney_spring_drizzle
103,paris,spring,stormy,-10.9,55,36.3,paris_spring_stormy
104,cape_town,spring,snowy,44.8,30,55.7,cape_town_spring_snowy
105,london,spring,drizzle,-10.0,36,69.0,london_spring_drizzle
106,sydney,spring,windy,38.0,95,46.3,sydney_spring_windy
107,london,spring,cloudy,33.0,47,16.3,london_spring_cloudy
108,delhi,spring,sunny,44.8,56,14.7,delhi_spring_sunny
109,toronto,spring,foggy,44.9,73,8.4,toronto_spring_foggy
110,toronto,spring,windy,8.2,32,6.2,toronto_spring_windy
111,dubai,spring,foggy,0.0,40,60.2,dubai_spring_foggy
112,delhi,spring,sunny,29.9,28,20.1,delhi_spring_sunny
113,paris,spring,rainy,38.3,96,38.7,paris_spring_rainy
114,dubai,spring,foggy,34.7,52,40.0,dubai_spring_foggy
115,toronto,spring,hazy,2.0,44,26.3,toronto_spring_hazy
116,toronto,spring,clear,-1.2,65,48.1,toronto_spring_clear
117,delhi,spring,stormy,18.3,38,45.8,delhi_spring_stormy
118,tokyo,spring,windy,19.8,30,0.8,tokyo_spring_windy
119,delhi,spring,windy,12.5,30,0.4,delhi_spring_windy
120,delhi,spring,stormy,2.9,34,11.7,delhi_spring_stormy
121,chicago,spring,foggy,-4.6,91,54.1,chicago_spring_foggy
122,sydney,spring,cloudy,22.0,61,2.0,sydney_spring_cloudy
123,sydney,spring,foggy,9.3,84,3.4,sydney_spring_foggy
124,chicago,spring,hazy,17.5,64,17.5,chicago_spring_hazy
125,toronto,spring,sunny,27.2,90,75.5,toronto_spring_sunny
126,sydney,spring,stormy,33.7,86,48.4,sydney_spring_stormy
127,cape_town,spring,rainy,21.2,91,14.1,cape_town_spring_rainy
128,dubai,spring,clear,3.4,22,48.5,dubai_spring_clear
129,tokyo,spring,rainy,-7.3,25,5.5,tokyo_spring_rainy
130,tokyo,spring,clear,2.6,66,13.8,tokyo_spring_clear
131,tokyo,spring,cloudy,28.6,57,2.6,tokyo_spring_cloudy
132,tokyo,spring,windy,-3.1,40,3.2,tokyo_spring_windy
133,delhi,spring,hazy,8.5,89,43.6,delhi_spring_hazy
134,tokyo,spring,drizzle,23.5,68,20.7,tokyo_spring_drizzle
135,sydney,spring,snowy,-6.9,53,54.5,sydney_spring_snowy
136,london,spring,snowy,8.4,95,19.0,london_spring_snowy
137,delhi,spring,drizzle,24.8,57,79.5,delhi_spring_drizzle
138,chicago,spring,windy,38.7,37,53.4,chicago_spring_windy
139,toronto,spring,foggy,43.2,23,43.8,toronto_spring_foggy
140,dubai,spring,foggy,-6.5,72,41.9,dubai_spring_foggy
141,toronto,spring,foggy,3.2,69,7.4,toronto_spring_foggy
142,tokyo,spring,sunny,38.8,49,38.2,tokyo_spring_sunny
143,delhi,spring,hazy,37.8,50,62.4,delhi_spring_hazy
144,london,spring,rainy,12.2,28,73.9,london_spring_rainy
145,dubai,spring,rainy,42.9,65,62.1,dubai_spring_rainy
146,dubai,spring,sunny,-11.1,47,57.9,dubai_spring_sunny
147,london,spring,hazy,-2.8,87,61.0,london_spring_hazy
148,cape_town,spring,sunny,-2.0,25,48.6,cape_town_spring_sunny
149,toronto,spring,windy,-3.9,36,77.6,toronto_spring_windy
150,dubai,spring,hazy,2.3,97,1.7,dubai_spring_hazy
151,london,spring,foggy,-11.6,24,54.9,london_spring_foggy
152,oslo,spring,windy,35.9,83,61.1,oslo_spring_windy
153,chicago,spring,drizzle,5.9,39,55.3,chicago_spring_drizzle
154,london,spring,snowy,19.6,67,42.9,london_spring_snowy
155,sydney,spring,windy,42.4,53,14.2,sydney_spring_windy
156,chicago,spring,hazy,35.5,69,56.6,chicago_spring_hazy
157,chicago,spring,drizzle,3.2,20,44.5,chicago_spring_drizzle
158,london,spring,foggy,-1.1,22,12.8,london_spring_foggy
159,sydney,spring,foggy,0.3,70,28.7,sydney_spring_foggy
160,toronto,spring,foggy,7.5,41,0.5,toronto_spring_foggy
161,dubai,spring,hazy,12.9,81,50.4,dubai_spring_hazy
162,toronto,spring,snowy,19.0,98,3.9,toronto_spring_snowy
163,paris,spring,clear,25.1,39,63.6,paris_spring_clear
164,cape_town,spring,stormy,15.0,70,78.8,cape_town_spring_stormy
165,paris,spring,clear,4.0,47,56.3,paris_spring_clear
166,delhi,spring,stormy,43.5,51,63.6,delhi_spring_stormy
167,paris,spring,rainy,43.3,72,76.7,paris_spring_rainy
168,sydney,spring,snowy,-10.2,27,58.0,sydney_spring_snowy
169,delhi,spring,hazy,7.8,53,35.0,delhi_spring_hazy
170,dubai,spring,sunny,42.4,91,79.4,dubai_spring_sunny
171,paris,spring,drizzle,37.3,75,25.5,paris_spring_drizzle
172,toronto,spring,drizzle,40.5,81,45.5,toronto_spring_drizzle
173,toronto,spring,hazy,44.5,79,14.7,toronto_spring_hazy
174,dubai,spring,hazy,20.8,58,42.9,dubai_spring_hazy
175,oslo,spring,hazy,31.7,81,2.7,oslo_spring_hazy
176,cape_town,spring,stormy,-7.7,82,0.9,cape_town_spring_stormy
177,paris,spring,snowy,34.7,45,10.1,paris_spring_snowy
178,delhi,spring,clear,10.8,89,74.4,delhi_spring_clear
179,london,spring,cloudy,-7.4,44,10.7,london_spring_cloudy
180,sydney,spring,foggy,-13.8,27,76.7,sydney_spring_foggy
181,sydney,spring,sunny,-3.4,97,79.5,sydney_spring_sunny
182,sydney,spring,clear,30.2,43,36.9,sydney_spring_clear
183,cape_town,spring,snowy,34.7,64,73.2,cape_town_spring_snowy
184,tokyo,spring,stormy,2.5,77,8.4,tokyo_spring_stormy
185,oslo,spring,sunny,34.3,47,63.9,oslo_spring_sunny
186,paris,spring,foggy,31.3,67,27.2,paris_spring_foggy
187,cape_town,spring,snowy,24.2,81,51.9,cape_town_spring_snowy
188,london,spring,hazy,-13.3,88,48.4,london_spring_hazy
189,tokyo,spring,cloudy,43.9,23,76.2,tokyo_spring_cloudy
190,tokyo,spring,sunny,-4.5,65,29.2,tokyo_spring_sunny
191,tokyo,spring,foggy,42.6,53,31.2,tokyo_spring_foggy
192,oslo,spring,stormy,24.9,88,6.3,oslo_spring_stormy
193,cape_town,spring,cloudy,32.3,45,8.9,cape_town_spring_cloudy
194,paris,spring,snowy,43.6,51,4.3,paris_spring_snowy
195,toronto,spring,clear,0.1,91,31.7,toronto_spring_clear
196,london,spring,snowy,3.9,68,21.5,london_spring_snowy
197,toronto,spring,rainy,37.7,94,62.7,toronto_spring_rainy
198,london,spring,sunny,-5.7,59,79.0,london_spring_sunny
199,cape_town,spring,rainy,-11.4,56,52.1,cape_town_spring_rainy
200,oslo,spring,foggy,-0.2,50,5.0,oslo_spring_foggy
201,chicago,summer,windy,41.0,96,6.7,chicago_summer_windy
202,dubai,summer,rainy,-14.9,95,54.9,dubai_summer_rainy
203,tokyo,summer,hazy,8.1,37,79.7,tokyo_summer_hazy
204,sydney,summer,stormy,40.8,85,36.3,sydney_summer_stormy
205,paris,summer,stormy,11.8,49,71.1,paris_summer_stormy
206,chicago,summer,clear,-12.8,47,70.0,chicago_summer_clear
207,cape_town,summer,stormy,-9.0,24,14.0,cape_town_summer_stormy
208,sydney,summer,foggy,36.7,75,1.2,sydney_summer_foggy
209,delhi,summer,rainy,-14.1,31,9.9,delhi_summer_rainy
210,delhi,summer,cloudy,-13.9,54,63.8,delhi_summer_cloudy
211,tokyo,summer,snowy,-4.6,69,48.0,tokyo_summer_snowy
212,paris,summer,rainy,13.1,85,37.0,paris_summer_rainy
213,delhi,summer,snowy,-4.6,59,52.7,delhi_summer_snowy
214,chicago,summer,drizzle,-12.4,47,53.7,chicago_summer_drizzle
215,london,summer,clear,18.1,50,49.0,london_summer_clear
216,delhi,summer,foggy,36.6,73,59.6,delhi_summer_foggy
217,delhi,summer,sunny,-5.2,35,63.4,delhi_summer_sunny
218,toronto,summer,stormy,-7.2,74,67.5,toronto_summer_stormy
219,oslo,summer,foggy,-10.2,50,16.7,oslo_summer_foggy
220,dubai,summer,clear,-13.9,98,35.3,dubai_summer_clear
221,oslo,summer,hazy,22.2,93,77.7,oslo_summer_hazy
222,dubai,summer,hazy,-7.2,79,43.0,dubai_summer_hazy
223,cape_town,summer,stormy,32.6,97,69.4,cape_town_summer_stormy
224,toronto,summer,cloudy,37.1,28,13.7,toronto_summer_cloudy
225,sydney,summer,clear,-7.5,94,33.5,sydney_summer_clear
226,chicago,summer,sunny,1.9,43,53.7,chicago_summer_sunny
227,oslo,summer,sunny,-10.7,45,60.3,oslo_summer_sunny
228,chicago,summer,snowy,-7.0,39,50.4,chicago_summer_snowy
229,cape_town,summer,snowy,19.1,79,76.5,cape_town_summer_snowy
230,tokyo,summer,snowy,25.4,46,53.4,tokyo_summer_snowy
231,chicago,summer,stormy,21.7,95,8.1,chicago_summer_stormy
232,cape_town,summer,drizzle,-7.5,55,51.8,cape_town_summer_drizzle
233,cape_town,summer,rainy,-2.1,99,24.3,cape_town_summer_rainy
234,london,summer,clear,12.6,22,68.0,london_summer_clear
235,london,summer,windy,30.2,99,42.9,london_summer_windy
236,dubai,summer,cloudy,-6.7,85,67.7,dubai_summer_cloudy
237,oslo,summer,rainy,17.2,44,12.5,oslo_summer_rainy
238,london,summer,clear,-8.8,33,48.5,london_summer_clear
239,paris,summer,foggy,24.9,71,62.1,paris_summer_foggy
240,dubai,summer,hazy,44.7,98,6.7,dubai_summer_hazy
241,oslo,summer,drizzle,20.8,51,27.6,oslo_summer_drizzle
242,delhi,summer,sunny,23.6,35,63.2,delhi_summer_sunny
243,sydney,summer,foggy,38.8,46,63.8,sydney_summer_foggy
244,oslo,summer,hazy,32.4,59,17.5,oslo_summer_hazy
245,cape_town,summer,foggy,39.9,27,14.1,cape_town_summer_foggy
246,oslo,summer,cloudy,-10.0,43,42.6,oslo_summer_cloudy
247,oslo,summer,rainy,-2.4,74,71.4,oslo_summer_rainy
248,delhi,summer,cloudy,38.4,62,62.8,delhi_summer_cloudy
249,toronto,summer,stormy,34.6,29,5.5,toronto_summer_stormy
250,sydney,summer,clear,2.5,45,69.1,sydney_summer_clear
251,tokyo,summer,drizzle,10.9,95,48.3,tokyo_summer_drizzle
252,toronto,summer,hazy,-6.9,49,11.3,toronto_summer_hazy
253,cape_town,summer,hazy,0.2,67,55.5,cape_town_summer_hazy
254,tokyo,summer,cloudy,22.3,25,17.1,tokyo_summer_cloudy
255,dubai,summer,clear,-13.7,74,42.5,dubai_summer_clear
256,sydney,summer,cloudy,11.5,72,38.4,sydney_summer_cloudy
257,sydney,summer,stormy,-10.5,88,51.8,sydney_summer_stormy
258,toronto,summer,rainy,23.9,60,30.6,toronto_summer_rainy
259,tokyo,summer,cloudy,20.1,93,50.7,tokyo_summer_cloudy
260,london,summer,stormy,9.8,71,72.5,london_summer_stormy
261,toronto,summer,sunny,38.8,88,25.7,toronto_summer_sunny
262,chicago,summer,snowy,-7.7,80,23.7,chicago_summer_snowy
263,tokyo,summer,drizzle,32.3,40,74.6,tokyo_summer_drizzle
264,london,summer,cloudy,34.4,94,41.0,london_summer_cloudy
265,dubai,summer,snowy,15.1,57,37.1,dubai_summer_snowy
266,london,summer,hazy,-3.8,56,73.7,london_summer_hazy
267,paris,summer,snowy,-12.8,54,45.7,paris_summer_snowy
268,oslo,summer,drizzle,20.4,70,2.7,oslo_summer_drizzle
269,oslo,summer,cloudy,14.9,39,17.3,oslo_summer_cloudy
270,cape_town,summer,snowy,-8.0,84,8.8,cape_town_summer_snowy
271,oslo,summer,drizzle,43.2,27,60.1,oslo_summer_drizzle
272,toronto,summer,windy,-1.3,48,20.3,toronto_summer_windy
273,toronto,summer,rainy,-13.7,55,27.8,toronto_summer_rainy
274,sydney,summer,windy,11.6,59,7.7,sydney_summer_windy
275,cape_town,summer,sunny,25.4,49,51.7,cape_town_summer_sunny
276,toronto,summer,snowy,-14.3,36,34.5,toronto_summer_snowy
277,london,summer,snowy,16.3,68,57.5,london_summer_snowy
278,tokyo,summer,stormy,31.1,28,27.6,tokyo_summer_stormy
279,toronto,summer,drizzle,39.1,33,64.8,toronto_summer_drizzle
280,dubai,summer,snowy,9.1,61,55.0,dubai_summer_snowy
281,chicago,summer,foggy,-6.1,29,19.6,chicago_summer_foggy
282,london,summer,foggy,-9.2,30,49.2,london_summer_foggy
283,paris,summer,clear,-8.7,84,7.9,paris_summer_clear
284,cape_town,summer,stormy,-5.7,37,65.5,cape_town_summer_stormy
285,tokyo,summer,cloudy,4.5,85,20.7,tokyo_summer_cloudy
286,paris,summer,cloudy,-2.2,95,61.1,paris_summer_cloudy
287,toronto,summer,snowy,23.5,89,46.9,toronto_summer_snowy
288,cape_town,summer,cloudy,21.1,40,48.5,cape_town_summer_cloudy
289,delhi,summer,stormy,5.7,77,42.0,delhi_summer_stormy
290,oslo,summer,windy,27.2,42,15.8,oslo_summer_windy
291,oslo,summer,snowy,3.5,77,69.4,oslo_summer_snowy
292,london,summer,drizzle,-12.1,70,20.3,london_summer_drizzle
293,sydney,summer,foggy,3.3,31,72.1,sydney_summer_foggy
294,oslo,summer,sunny,-10.8,93,27.1,oslo_summer_sunny
295,sydney,summer,rainy,-1.4,75,76.3,sydney_summer_rainy
296,sydney,summer,sunny,20.1,20,26.0,sydney_summer_sunny
297,paris,summer,hazy,0.5,67,15.4,paris_summer_hazy
298,sydney,summer,windy,-0.1,94,21.9,sydney_summer_windy
299,sydney,summer,cloudy,5.2,26,0.1,sydney_summer_cloudy
300,delhi,summer,cloudy,21.5,97,3.8,delhi_summer_cloudy
301,paris,summer,rainy,-1.6,92,77.4,paris_summer_rainy
302,oslo,summer,stormy,6.0,94,32.6,oslo_summer_stormy
303,chicago,summer,windy,-2.8,59,30.6,chicago_summer_windy
304,chicago,summer,snowy,14.4,97,48.7,chicago_summer_snowy
305,sydney,summer,hazy,26.9,90,11.1,sydney_summer_hazy
306,sydney,summer,drizzle,28.8,91,33.5,sydney_summer_drizzle
307,chicago,summer,hazy,16.3,58,68.3,chicago_summer_hazy
308,tokyo,summer,stormy,0.6,56,7.7,tokyo_summer_stormy
309,london,summer,foggy,42.4,94,15.5,london_summer_foggy
310,cape_town,summer,cloudy,9.1,70,7.7,cape_town_summer_cloudy
311,cape_town,summer,drizzle,12.6,26,2.2,cape_town_summer_drizzle
312,cape_town,summer,drizzle,17.6,97,17.4,cape_town_summer_drizzle
313,delhi,summer,sunny,4.0,86,18.5,delhi_summer_sunny
314,chicago,summer,stormy,26.1,62,46.5,chicago_summer_stormy
315,paris,summer,cloudy,-9.1,78,13.8,paris_summer_cloudy
316,sydney,summer,clear,-3.5,20,11.7,sydney_summer_clear
317,dubai,summer,clear,-2.1,64,12.0,dubai_summer_clear
318,toronto,summer,sunny,7.0,53,9.2,toronto_summer_sunny
319,sydney,summer,clear,6.8,57,32.4,sydney_summer_clear
320,sydney,summer,snowy,2.3,54,70.8,sydney_summer_snowy
321,delhi,summer,drizzle,9.2,32,26.9,delhi_summer_drizzle
322,london,summer,hazy,35.8,33,66.5,london_summer_hazy
323,toronto,summer,rainy,35.0,75,37.3,toronto_summer_rainy
324,delhi,summer,windy,-3.9,80,30.6,delhi_summer_windy
325,cape_town,summer,drizzle,30.5,75,15.1,cape_town_summer_drizzle
326,cape_town,summer,foggy,-7.9,35,46.7,cape_town_summer_foggy
327,toronto,summer,hazy,36.3,57,13.5,toronto_summer_hazy
328,cape_town,summer,clear,8.2,21,47.7,cape_town_summer_clear
329,chicago,summer,sunny,-15.0,28,46.4,chicago_summer_sunny
330,london,summer,windy,7.6,59,47.7,london_summer_windy
331,paris,summer,cloudy,17.3,38,35.2,paris_summer_cloudy
332,delhi,summer,windy,12.1,36,53.6,delhi_summer_windy
333,cape_town,summer,sunny,37.6,24,79.9,cape_town_summer_sunny
334,london,summer,windy,-4.5,71,45.9,london_summer_windy
335,tokyo,summer,stormy,26.5,48,51.3,tokyo_summer_stormy
336,dubai,summer,foggy,37.3,35,41.3,dubai_summer_foggy
337,london,summer,sunny,5.2,37,28.7,london_summer_sunny
338,oslo,summer,sunny,11.8,95,54.2,oslo_summer_sunny
339,toronto,summer,hazy,-9.2,26,31.4,toronto_summer_hazy
340,toronto,summer,cloudy,37.6,78,31.3,toronto_summer_cloudy
341,tokyo,summer,snowy,-13.4,58,19.9,tokyo_summer_snowy
342,paris,summer,sunny,-11.6,97,74.4,paris_summer_sunny
343,dubai,summer,cloudy,35.6,99,25.1,dubai_summer_cloudy
344,oslo,summer,drizzle,-14.4,25,12.3,oslo_summer_drizzle
345,chicago,summer,foggy,-4.6,67,5.7,chicago_summer_foggy
346,toronto,summer,windy,27.4,45,54.6,toronto_summer_windy
347,sydney,summer,foggy,14.1,84,75.4,sydney_summer_foggy
348,toronto,summer,clear,-5.7,58,56.5,toronto_summer_clear
349,london,summer,windy,18.5,42,42.9,london_summer_windy
350,paris,summer,windy,-3.7,37,23.4,paris_summer_windy
351,dubai,summer,windy,16.1,32,19.5,dubai_summer_windy
352,paris,summer,sunny,-8.5,49,59.6,paris_summer_sunny
353,sydney,summer,drizzle,8.6,98,38.3,sydney_summer_drizzle
354,dubai,summer,windy,-13.9,87,63.4,dubai_summer_windy
355,sydney,summer,sunny,-8.2,43,2.7,sydney_summer_sunny
356,tokyo,summer,sunny,4.0,46,20.0,tokyo_summer_sunny
357,sydney,summer,hazy,-2.0,43,34.3,sydney_summer_hazy
358,sydney,summer,hazy,5.8,75,29.2,sydney_summer_hazy
359,paris,summer,stormy,26.3,37,63.3,paris_summer_stormy
360,chicago,summer,hazy,25.5,52,7.8,chicago_summer_hazy
361,sydney,summer,foggy,40.8,22,44.0,sydney_summer_foggy
362,sydney,summer,windy,-0.2,30,36.7,sydney_summer_windy
363,sydney,summer,clear,12.9,34,18.3,sydney_summer_clear
364,dubai,summer,hazy,41.4,28,67.6,dubai_summer_hazy
365,sydney,summer,drizzle,7.3,78,9.0,sydney_summer_drizzle
366,toronto,summer,snowy,4.4,77,35.8,toronto_summer_snowy
367,sydney,summer,windy,36.5,76,33.5,sydney_summer_windy
368,delhi,summer,foggy,35.5,28,10.6,delhi_summer_foggy
369,delhi,summer,drizzle,-6.5,60,49.0,delhi_summer_drizzle
370,tokyo,summer,sunny,5.6,39,41.4,tokyo_summer_sunny
371,sydney,summer,sunny,-12.5,81,48.0,sydney_summer_sunny
372,paris,summer,rainy,10.4,80,69.1,paris_summer_rainy
373,sydney,summer,foggy,26.9,56,61.2,sydney_summer_foggy
374,london,summer,cloudy,-2.2,76,64.1,london_summer_cloudy
375,oslo,summer,drizzle,42.4,60,1.3,oslo_summer_drizzle
376,paris,summer,windy,-13.5,67,56.5,paris_summer_windy
377,paris,summer,hazy,-2.4,73,26.5,paris_summer_hazy
378,toronto,summer,foggy,39.1,99,72.2,toronto_summer_foggy
379,paris,summer,rainy,36.2,72,50.6,paris_summer_rainy
380,delhi,summer,snowy,11.1,76,66.6,delhi_summer_snowy
381,dubai,summer,snowy,6.9,43,57.7,dubai_summer_snowy
382,toronto,summer,sunny,40.2,92,25.9,toronto_summer_sunny
383,sydney,summer,windy,-8.4,59,5.8,sydney_summer_windy
384,chicago,summer,cloudy,-12.7,53,71.5,chicago_summer_cloudy
385,chicago,summer,drizzle,0.6,35,35.8,chicago_summer_drizzle
386,oslo,summer,foggy,-2.2,89,0.8,oslo_summer_foggy
387,toronto,summer,sunny,36.3,82,13.1,toronto_summer_sunny
388,sydney,summer,sunny,13.9,86,14.7,sydney_summer_sunny
389,chicago,summer,clear,-9.4,32,70.5,chicago_summer_clear
390,tokyo,summer,clear,44.5,47,23.7,tokyo_summer_clear
391,toronto,summer,drizzle,-9.2,77,66.4,toronto_summer_drizzle
392,london,summer,stormy,33.3,26,64.1,london_summer_stormy
393,dubai,summer,rainy,-10.0,25,53.6,dubai_summer_rainy
394,delhi,summer,windy,-13.3,34,27.4,delhi_summer_windy
395,paris,summer,sunny,13.8,58,7.6,paris_summer_sunny
396,london,summer,hazy,-8.8,82,78.6,london_summer_hazy
397,sydney,summer,snowy,-3.7,89,71.1,sydney_summer_snowy
398,chicago,summer,clear,-1.5,42,76.9,chicago_summer_clear
399,cape_town,summer,drizzle,13.3,23,51.8,cape_town_summer_drizzle
400,delhi,summer,drizzle,34.1,91,16.4,delhi_summer_drizzle
401,sydney,autumn,snowy,9.9,44,9.0,sydney_autumn_snowy
402,dubai,autumn,snowy,-9.6,42,58.4,dubai_autumn_snowy
403,tokyo,autumn,clear,7.0,58,52.4,tokyo_autumn_clear
404,oslo,autumn,sunny,-5.6,26,52.1,oslo_autumn_sunny
405,oslo,autumn,snowy,-0.9,97,44.0,oslo_autumn_snowy
406,sydney,autumn,windy,36.8,80,23.1,sydney_autumn_windy
407,tokyo,autumn,foggy,14.7,53,33.4,tokyo_autumn_foggy
408,cape_town,autumn,clear,5.4,52,47.5,cape_town_autumn_clear
409,sydney,autumn,foggy,33.2,75,3.9,sydney_autumn_foggy
410,chicago,autumn,windy,35.7,76,0.7,chicago_autumn_windy
411,toronto,autumn,hazy,-1.2,90,18.6,toronto_autumn_hazy
412,cape_town,autumn,clear,36.6,66,71.2,cape_town_autumn_clear
413,paris,autumn,foggy,36.9,65,75.9,paris_autumn_foggy
414,sydney,autumn,rainy,42.4,88,30.4,sydney_autumn_rainy
415,cape_town,autumn,drizzle,16.3,39,36.1,cape_town_autumn_drizzle
416,delhi,autumn,rainy,18.4,57,8.6,delhi_autumn_rainy
417,london,autumn,windy,21.0,71,51.9,london_autumn_windy
418,dubai,autumn,hazy,16.5,82,9.5,dubai_autumn_hazy
419,oslo,autumn,rainy,1.3,95,44.3,oslo_autumn_rainy
420,toronto,autumn,snowy,40.5,64,19.0,toronto_autumn_snowy
421,sydney,autumn,rainy,9.7,93,69.6,sydney_autumn_rainy
422,tokyo,autumn,snowy,11.6,93,71.0,tokyo_autumn_snowy
423,toronto,autumn,drizzle,-7.5,72,62.7,toronto_autumn_drizzle
424,paris,autumn,snowy,2.2,20,34.0,paris_autumn_snowy
425,sydney,autumn,sunny,1.3,45,1.5,sydney_autumn_sunny
426,toronto,autumn,clear,14.7,67,14.1,toronto_autumn_clear
427,delhi,autumn,hazy,33.2,91,14.6,delhi_autumn_hazy
428,paris,autumn,windy,34.0,43,54.7,paris_autumn_windy
429,delhi,autumn,hazy,-10.4,79,41.7,delhi_autumn_hazy
430,chicago,autumn,clear,42.7,56,56.5,chicago_autumn_clear
431,dubai,autumn,clear,32.3,94,77.1,dubai_autumn_clear
432,paris,autumn,snowy,41.4,45,8.1,paris_autumn_snowy
433,cape_town,autumn,clear,19.1,34,17.5,cape_town_autumn_clear
434,oslo,autumn,stormy,6.2,80,77.7,oslo_autumn_stormy
435,toronto,autumn,foggy,-1.0,87,38.6,toronto_autumn_foggy
436,tokyo,autumn,sunny,41.3,51,9.0,tokyo_autumn_sunny
437,delhi,autumn,rainy,8.2,33,75.9,delhi_autumn_rainy
438,cape_town,autumn,windy,26.3,89,73.6,cape_town_autumn_windy
439,chicago,autumn,sunny,18.6,80,7.4,chicago_autumn_sunny
440,toronto,autumn,rainy,-8.0,96,16.9,toronto_autumn_rainy
441,chicago,autumn,foggy,28.2,61,4.2,chicago_autumn_foggy
442,dubai,autumn,foggy,4.7,39,52.2,dubai_autumn_foggy
443,toronto,autumn,drizzle,-4.2,54,45.4,toronto_autumn_drizzle
444,delhi,autumn,hazy,22.8,33,54.5,delhi_autumn_hazy
445,sydney,autumn,hazy,2.7,87,43.7,sydney_autumn_hazy
446,chicago,autumn,clear,43.6,99,75.4,chicago_autumn_clear
447,london,autumn,hazy,26.5,23,44.9,london_autumn_hazy
448,london,autumn,sunny,35.1,33,36.2,london_autumn_sunny
449,sydney,autumn,windy,37.2,77,52.2,sydney_autumn_windy
450,delhi,autumn,cloudy,-9.7,28,35.6,delhi_autumn_cloudy
451,oslo,autumn,clear,1.9,82,62.0,oslo_autumn_clear
452,tokyo,autumn,windy,17.9,98,33.4,tokyo_autumn_windy
453,chicago,autumn,sunny,-11.4,91,22.7,chicago_autumn_sunny
454,paris,autumn,drizzle,35.4,31,56.5,paris_autumn_drizzle
455,oslo,autumn,clear,21.0,46,57.0,oslo_autumn_clear
456,dubai,autumn,drizzle,-10.7,48,55.7,dubai_autumn_drizzle
457,dubai,autumn,cloudy,18.8,62,74.3,dubai_autumn_cloudy
458,tokyo,autumn,hazy,-8.0,37,60.6,tokyo_autumn_hazy
459,toronto,autumn,cloudy,34.2,29,64.4,toronto_autumn_cloudy
460,oslo,autumn,windy,23.0,88,68.7,oslo_autumn_windy
461,tokyo,autumn,clear,25.0,45,36.0,tokyo_autumn_clear
462,london,autumn,windy,2.8,29,55.0,london_autumn_windy
463,toronto,autumn,rainy,36.6,22,32.8,toronto_autumn_rainy
464,dubai,autumn,cloudy,2.5,83,56.1,dubai_autumn_cloudy
465,delhi,autumn,stormy,24.2,32,55.8,delhi_autumn_stormy
466,dubai,autumn,windy,21.3,65,15.0,dubai_autumn_windy
467,sydney,autumn,cloudy,15.7,65,54.0,sydney_autumn_cloudy
468,chicago,autumn,rainy,32.4,75,12.8,chicago_autumn_rainy
469,oslo,autumn,rainy,27.8,91,79.5,oslo_autumn_rainy
470,london,autumn,stormy,37.6,32,3.2,london_autumn_stormy
471,tokyo,autumn,foggy,-1.6,52,71.8,tokyo_autumn_foggy
472,sydney,autumn,cloudy,24.2,55,79.0,sydney_autumn_cloudy
473,paris,autumn,rainy,-12.7,43,45.3,paris_autumn_rainy
474,dubai,autumn,sunny,11.3,20,5.8,dubai_autumn_sunny
475,tokyo,autumn,drizzle,-14.4,71,52.6,tokyo_autumn_drizzle
476,oslo,autumn,windy,-4.5,49,1.7,oslo_autumn_windy
477,london,autumn,snowy,23.0,98,10.8,london_autumn_snowy
478,cape_town,autumn,hazy,39.0,73,18.9,cape_town_autumn_hazy
479,sydney,autumn,hazy,-4.3,80,74.3,sydney_autumn_hazy
480,london,autumn,sunny,30.4,42,49.6,london_autumn_sunny
481,tokyo,autumn,drizzle,-1.7,28,20.7,tokyo_autumn_drizzle
482,paris,autumn,drizzle,36.4,66,44.7,paris_autumn_drizzle
483,sydney,autumn,foggy,-7.7,26,18.8,sydney_autumn_foggy
484,dubai,autumn,hazy,32.2,20,71.1,dubai_autumn_hazy
485,delhi,autumn,drizzle,-5.4,77,63.2,delhi_autumn_drizzle
486,oslo,autumn,cloudy,2.1,55,11.5,oslo_autumn_cloudy
487,toronto,autumn,clear,20.5,76,61.6,toronto_autumn_clear
488,toronto,autumn,hazy,-3.0,50,24.2,toronto_autumn_hazy
489,oslo,autumn,foggy,-4.1,26,69.1,oslo_autumn_foggy
490,chicago,autumn,windy,30.3,61,55.0,chicago_autumn_windy
491,paris,autumn,cloudy,12.1,82,45.8,paris_autumn_cloudy
492,delhi,autumn,snowy,11.5,69,38.0,delhi_autumn_snowy
493,london,autumn,hazy,30.5,48,19.4,london_autumn_hazy
494,tokyo,autumn,clear,20.5,51,34.9,tokyo_autumn_clear
495,dubai,autumn,stormy,-14.9,27,49.1,dubai_autumn_stormy
496,sydney,autumn,foggy,32.1,34,78.7,sydney_autumn_foggy
497,delhi,autumn,rainy,23.3,68,40.3,delhi_autumn_rainy
498,london,autumn,clear,-8.5,84,57.1,london_autumn_clear
499,delhi,autumn,clear,-10.0,58,80.0,delhi_autumn_clear
500,paris,autumn,cloudy,20.5,60,40.2,paris_autumn_cloudy
501,london,autumn,snowy,23.0,86,51.6,london_autumn_snowy
502,tokyo,autumn,foggy,2.0,71,1.5,tokyo_autumn_foggy
503,dubai,autumn,stormy,-7.4,98,74.4,dubai_autumn_stormy
504,oslo,autumn,snowy,-11.2,23,68.8,oslo_autumn_snowy
505,paris,autumn,sunny,39.1,27,43.5,paris_autumn_sunny
506,paris,autumn,rainy,41.5,67,24.9,paris_autumn_rainy
507,cape_town,autumn,windy,37.4,22,73.2,cape_town_autumn_windy
508,chicago,autumn,stormy,-0.8,30,63.8,chicago_autumn_stormy
509,tokyo,autumn,snowy,-5.9,22,64.1,tokyo_autumn_snowy
510,dubai,autumn,clear,1.0,44,64.2,dubai_autumn_clear
511,dubai,autumn,windy,-4.8,86,63.8,dubai_autumn_windy
512,sydney,autumn,drizzle,15.6,60,75.0,sydney_autumn_drizzle
513,oslo,autumn,hazy,13.7,62,70.1,oslo_autumn_hazy
514,london,autumn,hazy,41.2,78,31.8,london_autumn_hazy
515,london,autumn,clear,-11.4,83,57.2,london_autumn_clear
516,sydney,autumn,windy,3.0,86,46.0,sydney_autumn_windy
517,delhi,autumn,foggy,-1.3,40,70.3,delhi_autumn_foggy
518,tokyo,autumn,stormy,35.7,69,30.2,tokyo_autumn_stormy
519,chicago,autumn,foggy,6.7,81,64.1,chicago_autumn_foggy
520,dubai,autumn,snowy,38.4,22,79.1,dubai_autumn_snowy
521,cape_town,autumn,hazy,34.5,68,55.5,cape_town_autumn_hazy
522,toronto,autumn,cloudy,31.3,69,22.3,toronto_autumn_cloudy
523,tokyo,autumn,sunny,29.6,96,33.0,tokyo_autumn_sunny
524,tokyo,autumn,windy,38.0,58,46.6,tokyo_autumn_windy
525,chicago,autumn,stormy,24.7,35,1.5,chicago_autumn_stormy
526,sydney,autumn,stormy,31.7,95,31.8,sydney_autumn_stormy
527,cape_town,autumn,windy,7.6,55,29.9,cape_town_autumn_windy
528,dubai,autumn,hazy,13.7,39,56.3,dubai_autumn_hazy
529,london,autumn,drizzle,44.3,72,10.1,london_autumn_drizzle
530,oslo,autumn,clear,-8.3,97,16.1,oslo_autumn_clear
531,dubai,autumn,clear,19.3,59,77.3,dubai_autumn_clear
532,oslo,autumn,sunny,37.0,20,53.6,oslo_autumn_sunny
533,oslo,autumn,drizzle,-2.9,76,69.8,oslo_autumn_drizzle
534,paris,autumn,stormy,21.0,62,33.9,paris_autumn_stormy
535,delhi,autumn,clear,-10.6,34,50.3,delhi_autumn_clear
536,paris,autumn,rainy,20.9,68,58.0,paris_autumn_rainy
537,chicago,autumn,cloudy,27.9,63,62.4,chicago_autumn_cloudy
538,dubai,autumn,cloudy,-3.8,55,13.0,dubai_autumn_cloudy
539,paris,autumn,windy,22.1,83,45.2,paris_autumn_windy
540,dubai,autumn,windy,21.7,34,15.9,dubai_autumn_windy
541,dubai,autumn,drizzle,21.3,83,19.0,dubai_autumn_drizzle
542,chicago,autumn,drizzle,25.0,22,36.9,chicago_autumn_drizzle
543,cape_town,autumn,sunny,44.8,66,59.7,cape_town_autumn_sunny
544,london,autumn,windy,18.6,76,46.7,london_autumn_windy
545,sydney,autumn,clear,4.9,83,55.3,sydney_autumn_clear
546,oslo,autumn,clear,2.4,42,9.5,oslo_autumn_clear
547,delhi,autumn,cloudy,-0.9,20,27.4,delhi_autumn_cloudy
548,paris,autumn,drizzle,-5.9,35,5.7,paris_autumn_drizzle
549,dubai,autumn,rainy,17.4,57,76.9,dubai_autumn_rainy
550,toronto,autumn,rainy,16.2,93,21.8,toronto_autumn_rainy
551,delhi,autumn,windy,23.7,52,0.7,delhi_autumn_windy
552,dubai,autumn,rainy,11.9,58,1.5,dubai_autumn_rainy
553,london,autumn,clear,13.1,33,22.4,london_autumn_clear
554,chicago,autumn,rainy,11.7,22,42.7,chicago_autumn_rainy
555,london,autumn,windy,34.4,24,61.8,london_autumn_windy
556,oslo,autumn,sunny,42.9,57,58.2,oslo_autumn_sunny
557,sydney,autumn,cloudy,3.4,60,10.0,sydney_autumn_cloudy
558,toronto,autumn,cloudy,22.3,84,40.2,toronto_autumn_cloudy
559,toronto,autumn,rainy,26.3,95,38.7,toronto_autumn_rainy
560,chicago,autumn,cloudy,18.7,46,47.5,chicago_autumn_cloudy
561,oslo,autumn,rainy,19.8,68,30.7,oslo_autumn_rainy
562,chicago,autumn,snowy,8.5,47,62.2,chicago_autumn_snowy
563,delhi,autumn,drizzle,7.0,95,7.0,delhi_autumn_drizzle
564,london,autumn,windy,28.3,40,47.1,london_autumn_windy
565,tokyo,autumn,rainy,-13.2,24,55.8,tokyo_autumn_rainy
566,paris,autumn,clear,33.7,76,0.9,paris_autumn_clear
567,dubai,autumn,snowy,9.8,76,42.2,dubai_autumn_snowy
568,tokyo,autumn,snowy,10.0,39,51.7,tokyo_autumn_snowy
569,cape_town,autumn,cloudy,-9.4,26,2.7,cape_town_autumn_cloudy
570,cape_town,autumn,hazy,-6.5,92,29.8,cape_town_autumn_hazy
571,london,autumn,cloudy,-1.3,51,18.1,london_autumn_cloudy
572,oslo,autumn,clear,33.0,66,35.2,oslo_autumn_clear
573,cape_town,autumn,stormy,3.7,93,32.9,cape_town_autumn_stormy
574,chicago,autumn,snowy,13.2,48,42.6,chicago_autumn_snowy
575,paris,autumn,stormy,16.4,32,12.8,paris_autumn_stormy
576,cape_town,autumn,windy,43.5,26,20.8,cape_town_autumn_windy
577,sydney,autumn,foggy,28.5,49,67.9,sydney_autumn_foggy
578,dubai,autumn,windy,28.1,47,32.8,dubai_autumn_windy
579,london,autumn,cloudy,-3.0,48,34.6,london_autumn_cloudy
580,dubai,autumn,windy,12.3,63,72.0,dubai_autumn_windy
581,chicago,autumn,hazy,-13.7,26,35.7,chicago_autumn_hazy
582,cape_town,autumn,sunny,26.4,87,78.5,cape_town_autumn_sunny
583,oslo,autumn,sunny,32.0,61,45.5,oslo_autumn_sunny
584,sydney,autumn,sunny,-2.1,70,17.2,sydney_autumn_sunny
585,oslo,autumn,foggy,35.6,27,67.6,oslo_autumn_foggy
586,sydney,autumn,cloudy,-8.0,78,29.4,sydney_autumn_cloudy
587,chicago,autumn,drizzle,15.1,54,52.1,chicago_autumn_drizzle
588,paris,autumn,clear,22.6,35,9.2,paris_autumn_clear
589,sydney,autumn,sunny,25.2,59,31.3,sydney_autumn_sunny
590,sydney,autumn,stormy,-7.5,29,38.1,sydney_autumn_stormy
591,cape_town,autumn,cloudy,-8.5,27,22.0,cape_town_autumn_cloudy
592,sydney,autumn,foggy,5.0,30,42.2,sydney_autumn_foggy
593,oslo,autumn,clear,20.9,21,26.2,oslo_autumn_clear
594,paris,autumn,sunny,6.8,80,37.6,paris_autumn_sunny
595,paris,autumn,snowy,2.2,95,62.8,paris_autumn_snowy
596,delhi,autumn,rainy,22.5,92,21.7,delhi_autumn_rainy
597,paris,autumn,foggy,6.0,28,8.5,paris_autumn_foggy
598,oslo,autumn,rainy,27.2,77,53.2,oslo_autumn_rainy
599,dubai,autumn,snowy,34.5,35,11.9,dubai_autumn_snowy
600,sydney,autumn,cloudy,0.8,73,52.4,sydney_autumn_cloudy
601,cape_town,winter,snowy,22.3,85,56.8,cape_town_winter_snowy
602,toronto,winter,windy,-3.8,45,48.6,toronto_winter_windy
603,toronto,winter,hazy,-11.7,53,63.0,toronto_winter_hazy
604,cape_town,winter,foggy,25.1,86,5.9,cape_town_winter_foggy
605,paris,winter,drizzle,18.7,34,46.6,paris_winter_drizzle
606,sydney,winter,snowy,8.9,49,13.4,sydney_winter_snowy
607,london,winter,snowy,-6.8,54,22.8,london_winter_snowy
608,toronto,winter,drizzle,12.4,86,21.9,toronto_winter_drizzle
609,paris,winter,snowy,28.3,47,31.9,paris_winter_snowy
610,chicago,winter,cloudy,20.9,23,15.0,chicago_winter_cloudy
611,paris,winter,sunny,4.0,61,41.5,paris_winter_sunny
612,tokyo,winter,foggy,0.2,33,28.1,tokyo_winter_foggy
613,sydney,winter,cloudy,32.1,52,21.1,sydney_winter_cloudy
614,oslo,winter,snowy,38.5,80,18.5,oslo_winter_snowy
615,chicago,winter,foggy,16.2,60,27.6,chicago_winter_foggy
616,tokyo,winter,hazy,27.8,60,46.8,tokyo_winter_hazy
617,chicago,winter,foggy,0.9,53,37.3,chicago_winter_foggy
618,paris,winter,sunny,13.5,65,45.1,paris_winter_sunny
619,sydney,winter,windy,0.0,43,38.5,sydney_winter_windy
620,oslo,winter,stormy,-3.4,80,77.7,oslo_winter_stormy
621,london,winter,clear,10.9,26,41.8,london_winter_clear
622,oslo,winter,rainy,7.1,53,72.3,oslo_winter_rainy
623,toronto,winter,rainy,25.8,41,58.4,toronto_winter_rainy
624,dubai,winter,sunny,13.8,34,9.0,dubai_winter_sunny
625,tokyo,winter,hazy,16.2,86,63.0,tokyo_winter_hazy
626,paris,winter,foggy,11.3,47,50.7,paris_winter_foggy
627,cape_town,winter,drizzle,12.3,73,56.0,cape_town_winter_drizzle
628,delhi,winter,windy,24.4,87,47.3,delhi_winter_windy
629,oslo,winter,windy,-3.8,21,72.7,oslo_winter_windy
630,paris,winter,foggy,-13.3,20,20.3,paris_winter_foggy
631,sydney,winter,rainy,29.5,74,18.3,sydney_winter_rainy
632,dubai,winter,drizzle,20.8,20,38.3,dubai_winter_drizzle
633,delhi,winter,clear,31.2,48,63.5,delhi_winter_clear
634,chicago,winter,foggy,36.8,41,64.0,chicago_winter_foggy
635,toronto,winter,snowy,34.4,39,59.1,toronto_winter_snowy
636,london,winter,rainy,21.5,89,77.1,london_winter_rainy
637,paris,winter,foggy,33.6,26,41.6,paris_winter_foggy
638,delhi,winter,drizzle,-5.6,69,42.4,delhi_winter_drizzle
639,delhi,winter,sunny,-2.5,98,71.8,delhi_winter_sunny
640,oslo,winter,stormy,17.2,38,18.0,oslo_winter_stormy
641,chicago,winter,sunny,15.9,66,25.6,chicago_winter_sunny
642,toronto,winter,windy,27.5,49,25.6,toronto_winter_windy
643,sydney,winter,stormy,-11.4,56,59.0,sydney_winter_stormy
644,tokyo,winter,sunny,15.2,62,65.0,tokyo_winter_sunny
645,dubai,winter,stormy,39.4,82,58.2,dubai_winter_stormy
646,tokyo,winter,foggy,37.0,48,70.5,tokyo_winter_foggy
647,tokyo,winter,cloudy,38.6,92,13.1,tokyo_winter_cloudy
648,cape_town,winter,hazy,14.7,39,54.1,cape_town_winter_hazy
649,dubai,winter,rainy,17.9,73,13.2,dubai_winter_rainy
650,oslo,winter,sunny,35.3,95,49.8,oslo_winter_sunny
651,paris,winter,foggy,2.1,96,5.4,paris_winter_foggy
652,oslo,winter,hazy,21.7,77,53.3,oslo_winter_hazy
653,toronto,winter,snowy,-13.8,88,69.0,toronto_winter_snowy
654,cape_town,winter,rainy,-6.7,94,13.7,cape_town_winter_rainy
655,chicago,winter,foggy,25.6,21,49.0,chicago_winter_foggy
656,toronto,winter,clear,14.1,91,63.6,toronto_winter_clear
657,chicago,winter,clear,39.7,36,69.3,chicago_winter_clear
658,paris,winter,sunny,-13.4,32,70.1,paris_winter_sunny
659,paris,winter,snowy,-13.4,60,50.0,paris_winter_snowy
660,sydney,winter,foggy,-4.7,95,62.8,sydney_winter_foggy
661,oslo,winter,hazy,-4.9,33,22.9,oslo_winter_hazy
662,chicago,winter,snowy,8.5,30,15.4,chicago_winter_snowy
663,tokyo,winter,hazy,17.6,21,48.9,tokyo_winter_hazy
664,delhi,winter,foggy,9.3,51,17.8,delhi_winter_foggy
665,london,winter,cloudy,13.4,32,6.1,london_winter_cloudy
666,dubai,winter,cloudy,-3.3,66,73.9,dubai_winter_cloudy
667,tokyo,winter,cloudy,6.7,57,25.0,tokyo_winter_cloudy
668,oslo,winter,stormy,5.5,71,62.0,oslo_winter_stormy
669,london,winter,sunny,38.0,45,50.6,london_winter_sunny
670,toronto,winter,cloudy,6.9,67,42.1,toronto_winter_cloudy
671,paris,winter,clear,-1.5,80,22.4,paris_winter_clear
672,cape_town,winter,sunny,40.1,58,12.0,cape_town_winter_sunny
673,london,winter,foggy,13.3,27,50.5,london_winter_foggy
674,toronto,winter,foggy,0.4,93,8.5,toronto_winter_foggy
675,dubai,winter,sunny,35.4,95,20.4,dubai_winter_sunny
676,cape_town,winter,sunny,-10.8,95,55.9,cape_town_winter_sunny
677,cape_town,winter,hazy,3.7,47,76.2,cape_town_winter_hazy
678,paris,winter,cloudy,-5.2,36,53.7,paris_winter_cloudy
679,oslo,winter,foggy,26.9,27,50.7,oslo_winter_foggy
680,oslo,winter,rainy,44.9,70,59.8,oslo_winter_rainy
681,cape_town,winter,stormy,-10.9,66,21.1,cape_town_winter_stormy
682,london,winter,cloudy,-0.9,38,23.3,london_winter_cloudy
683,tokyo,winter,snowy,19.8,56,36.7,tokyo_winter_snowy
684,dubai,winter,hazy,-9.0,54,14.2,dubai_winter_hazy
685,oslo,winter,sunny,43.9,61,1.7,oslo_winter_sunny
686,paris,winter,clear,43.6,51,31.6,paris_winter_clear
687,chicago,winter,hazy,-6.9,21,4.5,chicago_winter_hazy
688,toronto,winter,hazy,41.3,96,18.0,toronto_winter_hazy
689,paris,winter,cloudy,-5.0,21,12.9,paris_winter_cloudy
690,toronto,winter,snowy,-6.0,84,50.9,toronto_winter_snowy
691,toronto,winter,snowy,34.3,50,68.8,toronto_winter_snowy
692,cape_town,winter,cloudy,20.5,86,68.9,cape_town_winter_cloudy
693,tokyo,winter,clear,41.1,50,22.7,tokyo_winter_clear
694,toronto,winter,cloudy,41.9,90,53.2,toronto_winter_cloudy
695,chicago,winter,foggy,8.4,40,31.5,chicago_winter_foggy
696,paris,winter,hazy,41.0,43,49.5,paris_winter_hazy
697,cape_town,winter,stormy,27.0,74,72.6,cape_town_winter_stormy
698,sydney,winter,foggy,37.1,73,59.2,sydney_winter_foggy
699,sydney,winter,cloudy,1.6,56,9.2,sydney_winter_cloudy
700,oslo,winter,drizzle,-7.4,81,35.4,oslo_winter_drizzle
701,toronto,winter,cloudy,34.2,47,23.7,toronto_winter_cloudy
702,dubai,winter,windy,-1.5,81,44.4,dubai_winter_windy
703,cape_town,winter,clear,24.2,52,50.3,cape_town_winter_clear
704,tokyo,winter,snowy,0.1,97,10.9,tokyo_winter_snowy
705,dubai,winter,windy,40.3,42,23.8,dubai_winter_windy
706,delhi,winter,cloudy,2.6,73,36.5,delhi_winter_cloudy
707,london,winter,windy,-2.5,43,77.0,london_winter_windy
708,sydney,winter,sunny,13.8,97,77.9,sydney_winter_sunny
709,tokyo,winter,windy,-5.6,51,75.1,tokyo_winter_windy
710,tokyo,winter,sunny,-2.2,60,59.7,tokyo_winter_sunny
711,tokyo,winter,sunny,31.6,42,69.7,tokyo_winter_sunny
712,tokyo,winter,snowy,44.7,67,44.1,tokyo_winter_snowy
713,chicago,winter,cloudy,38.5,32,53.1,chicago_winter_cloudy
714,dubai,winter,snowy,26.5,61,30.1,dubai_winter_snowy
715,toronto,winter,hazy,-3.5,77,72.3,toronto_winter_hazy
716,dubai,winter,foggy,3.2,89,35.7,dubai_winter_foggy
717,cape_town,winter,snowy,14.1,60,52.5,cape_town_winter_snowy
718,toronto,winter,windy,-0.8,79,30.6,toronto_winter_windy
719,toronto,winter,stormy,32.3,98,46.3,toronto_winter_stormy
720,chicago,winter,windy,1.7,20,8.2,chicago_winter_windy
721,delhi,winter,foggy,-9.5,95,62.7,delhi_winter_foggy
722,delhi,winter,clear,-6.6,20,60.1,delhi_winter_clear
723,toronto,winter,stormy,8.9,35,30.4,toronto_winter_stormy
724,delhi,winter,snowy,35.6,82,42.6,delhi_winter_snowy
725,delhi,winter,stormy,-3.2,67,2.2,delhi_winter_stormy
726,london,winter,foggy,-3.6,80,34.9,london_winter_foggy
727,dubai,winter,drizzle,-11.0,75,47.1,dubai_winter_drizzle
728,cape_town,winter,hazy,42.8,47,69.3,cape_town_winter_hazy
729,toronto,winter,foggy,21.2,58,20.2,toronto_winter_foggy
730,sydney,winter,clear,20.3,68,61.9,sydney_winter_clear
731,paris,winter,rainy,-9.7,54,47.2,paris_winter_rainy
732,london,winter,foggy,1.1,64,39.8,london_winter_foggy
733,oslo,winter,clear,24.3,45,16.2,oslo_winter_clear
734,toronto,winter,cloudy,10.7,65,71.1,toronto_winter_cloudy
735,dubai,winter,stormy,2.7,41,15.9,dubai_winter_stormy
736,paris,winter,rainy,23.9,98,26.5,paris_winter_rainy
737,toronto,winter,foggy,-7.1,89,68.3,toronto_winter_foggy
738,dubai,winter,stormy,6.9,92,56.9,dubai_winter_stormy
739,sydney,winter,snowy,4.2,72,43.6,sydney_winter_snowy
740,delhi,winter,foggy,-10.6,68,78.8,delhi_winter_foggy
741,sydney,winter,snowy,23.7,41,8.5,sydney_winter_snowy
742,paris,winter,drizzle,28.4,33,27.2,paris_winter_drizzle
743,delhi,winter,snowy,32.5,53,16.9,delhi_winter_snowy
744,toronto,winter,snowy,10.2,84,68.3,toronto_winter_snowy
745,toronto,winter,hazy,-6.3,55,18.2,toronto_winter_hazy
746,chicago,winter,drizzle,22.5,45,74.4,chicago_winter_drizzle
747,london,winter,stormy,37.5,50,20.5,london_winter_stormy
748,delhi,winter,clear,18.7,55,62.7,delhi_winter_clear
749,paris,winter,sunny,12.0,78,51.0,paris_winter_sunny
750,paris,winter,sunny,26.5,53,69.4,paris_winter_sunny
751,delhi,winter,foggy,42.4,36,15.4,delhi_winter_foggy
752,tokyo,winter,drizzle,14.8,67,15.1,tokyo_winter_drizzle
753,dubai,winter,foggy,-5.6,38,13.9,dubai_winter_foggy
754,sydney,winter,cloudy,39.1,60,14.8,sydney_winter_cloudy
755,tokyo,winter,snowy,-0.9,34,24.9,tokyo_winter_snowy
756,toronto,winter,sunny,-8.4,74,16.1,toronto_winter_sunny
757,delhi,winter,snowy,32.0,62,5.0,delhi_winter_snowy
758,tokyo,winter,snowy,-12.2,40,57.8,tokyo_winter_snowy
759,paris,winter,foggy,-11.9,46,15.7,paris_winter_foggy
760,chicago,winter,hazy,-14.1,37,75.7,chicago_winter_hazy
761,tokyo,winter,stormy,44.2,63,66.6,tokyo_winter_stormy
762,dubai,winter,snowy,-11.1,41,78.9,dubai_winter_snowy
763,dubai,winter,clear,18.9,56,44.6,dubai_winter_clear
764,sydney,winter,hazy,-5.4,61,42.3,sydney_winter_hazy
765,tokyo,winter,windy,35.3,20,33.2,tokyo_winter_windy
766,dubai,winter,snowy,8.6,79,74.6,dubai_winter_snowy
767,dubai,winter,sunny,26.8,56,12.6,dubai_winter_sunny
768,cape_town,winter,foggy,28.3,34,78.7,cape_town_winter_foggy
769,tokyo,winter,sunny,-3.2,66,35.7,tokyo_winter_sunny
770,sydney,winter,clear,5.2,89,13.3,sydney_winter_clear
771,delhi,winter,foggy,25.2,23,14.3,delhi_winter_foggy
772,toronto,winter,clear,25.7,71,35.4,toronto_winter_clear
773,oslo,winter,hazy,27.3,41,47.2,oslo_winter_hazy
774,oslo,winter,rainy,-7.0,55,23.9,oslo_winter_rainy
775,oslo,winter,stormy,34.4,46,21.7,oslo_winter_stormy
776,dubai,winter,clear,11.9,58,62.2,dubai_winter_clear
777,chicago,winter,cloudy,11.3,76,4.4,chicago_winter_cloudy
778,oslo,winter,snowy,32.5,98,56.7,oslo_winter_snowy
779,sydney,winter,sunny,42.6,76,37.2,sydney_winter_sunny
780,sydney,winter,stormy,10.2,31,25.8,sydney_winter_stormy
781,dubai,winter,windy,43.0,41,6.0,dubai_winter_windy
782,chicago,winter,foggy,34.4,55,49.3,chicago_winter_foggy
783,toronto,winter,cloudy,-7.3,35,33.1,toronto_winter_cloudy
784,toronto,winter,sunny,41.3,77,60.2,toronto_winter_sunny
785,toronto,winter,snowy,24.4,67,66.0,toronto_winter_snowy
786,toronto,winter,rainy,19.2,66,45.2,toronto_winter_rainy
787,paris,winter,foggy,35.9,87,33.4,paris_winter_foggy
788,chicago,winter,cloudy,30.8,20,70.5,chicago_winter_cloudy
789,oslo,winter,snowy,26.9,89,16.4,oslo_winter_snowy
790,dubai,winter,stormy,0.1,65,67.2,dubai_winter_stormy
791,delhi,winter,windy,39.2,64,1.7,delhi_winter_windy
792,tokyo,winter,snowy,18.1,33,42.6,tokyo_winter_snowy
793,sydney,winter,sunny,3.9,95,23.2,sydney_winter_sunny
794,tokyo,winter,stormy,28.3,79,24.5,tokyo_winter_stormy
795,tokyo,winter,windy,16.8,71,23.2,tokyo_winter_windy
796,dubai,winter,cloudy,28.9,22,59.5,dubai_winter_cloudy
797,toronto,winter,windy,21.6,52,11.2,toronto_winter_windy
798,sydney,winter,rainy,2.3,68,31.0,sydney_winter_rainy
799,sydney,winter,windy,-8.0,64,43.4,sydney_winter_windy
800,oslo,winter,cloudy,-7.4,47,22.6,oslo_winter_cloudy
